{
  "p2s_profits": {
    "validator_0": 151.64881481174677,
    "validator_1": 111.16266008748846,
    "validator_2": 23.398048033533982,
    "validator_3": 101.66495650959706,
    "validator_4": 81.28027258792883,
    "validator_5": 97.69100257305844,
    "validator_6": 155.3643542875906,
    "validator_7": 52.53126736662421,
    "validator_8": 52.25834265434947,
    "validator_9": 110.0529754370146,
    "validator_10": 17.160230025791577,
    "validator_11": 16.763596485171394,
    "validator_12": 33.02162567721232,
    "validator_13": 32.96879139796851,
    "validator_14": 14.796394493005923,
    "validator_15": 17.038503850384856,
    "validator_16": 16.81061659861924,
    "validator_17": 21.075175718408577,
    "validator_18": 14.945397873120633,
    "validator_19": 27.35928994573088,
    "validator_20": 20.891523629350388,
    "validator_21": 28.96768070112421,
    "validator_22": 41.10681285701868,
    "validator_23": 27.235531712167543,
    "validator_24": 29.225862711793887,
    "validator_25": 22.934311004322595,
    "validator_26": 33.259494010767355,
    "validator_27": 17.290152250929307,
    "validator_28": 17.180385821009004,
    "validator_29": 27.157586079388622,
    "validator_30": 16.617869039344562,
    "validator_31": 4.400579667450732,
    "validator_32": 6.186469414026422,
    "validator_33": 10.371016934329521,
    "validator_34": 6.198072889576289,
    "validator_35": 10.494713181220636,
    "validator_36": 18.431731499509535,
    "validator_37": 20.62169932474433,
    "validator_38": 8.441418451468602,
    "validator_39": 10.438448307871269,
    "validator_40": 10.40880456246455,
    "validator_41": 6.547661460706863,
    "validator_42": 2.267914071741879,
    "validator_43": 4.2221329245896,
    "validator_44": 8.397006227819428,
    "validator_45": 6.419049854776301,
    "validator_46": 22.66444435238421,
    "validator_47": 10.505909447290808,
    "validator_48": 2.3453249927503586,
    "validator_49": 8.664934261906001,
    "validator_50": 22.6631935717975,
    "validator_51": 8.157385696728548,
    "validator_52": 16.50495785980258,
    "validator_53": 18.490995822036837,
    "validator_54": 8.63185409196404,
    "validator_55": 6.370056908062001,
    "validator_56": 14.640332303802,
    "validator_57": 12.246348233149245,
    "validator_58": 4.273773346651231,
    "validator_59": 10.56056220684853,
    "validator_60": 0.17504039106839492,
    "validator_61": 12.666318682077572,
    "validator_62": 4.302355033271704,
    "validator_63": 4.51221720498406,
    "validator_64": 16.557604798136722,
    "validator_65": 20.58135505321826,
    "validator_66": 14.413898209904689,
    "validator_67": 10.422522949645035,
    "validator_68": 10.514573312282248,
    "validator_69": 12.452918206743735,
    "validator_70": 10.576213381449923,
    "validator_71": 12.499468356877378,
    "validator_72": 6.226214532192575,
    "validator_73": 16.449457079599256,
    "validator_74": 4.400241195667898,
    "validator_75": 0.1601480929125007,
    "validator_76": 6.274681359349412,
    "validator_77": 16.38383022402689,
    "validator_78": 16.388389466561847,
    "validator_79": 2.195650806363866,
    "validator_80": 8.329426024889921,
    "validator_81": 8.491538358856717,
    "validator_82": 8.261049814883826,
    "validator_83": 8.47902748433872,
    "validator_84": 8.615990720411004,
    "validator_85": 4.653414100126965,
    "validator_86": 2.3162308420522404,
    "validator_87": 4.205981407066656,
    "validator_88": 2.367305559007869,
    "validator_89": 0.20438110756682107,
    "validator_90": 16.605016317531557,
    "validator_91": 8.238579799402586,
    "validator_92": 6.361227336122665,
    "validator_93": 6.215455548344318,
    "validator_94": 12.25430001856532,
    "validator_95": 4.2020084295736275,
    "validator_96": 10.519937460970473,
    "validator_97": 12.370882834447938,
    "validator_98": 10.258542116415597,
    "validator_99": 14.672390000506145
  },
  "pos_profits": {
    "validator_0": 315.7739052067983,
    "validator_1": 191.30427581774669,
    "validator_2": 54.85156657319554,
    "validator_3": 159.6862916589355,
    "validator_4": 143.94910378547874,
    "validator_5": 133.3504900460294,
    "validator_6": 225.09494787401064,
    "validator_7": 98.51458724663956,
    "validator_8": 86.3416457734191,
    "validator_9": 132.43598497317961,
    "validator_10": 36.26535585427347,
    "validator_11": 26.54701423903795,
    "validator_12": 26.609616847583084,
    "validator_13": 29.7101615024627,
    "validator_14": 29.394081259805127,
    "validator_15": 44.31906195688775,
    "validator_16": 18.0265292495235,
    "validator_17": 41.69713921360446,
    "validator_18": 38.323358099704585,
    "validator_19": 31.692586898494714,
    "validator_20": 35.37606104872445,
    "validator_21": 32.09733831465718,
    "validator_22": 54.345683034392245,
    "validator_23": 28.174025229735605,
    "validator_24": 45.80262072999472,
    "validator_25": 46.69577536382603,
    "validator_26": 58.418514889105865,
    "validator_27": 33.07079357941554,
    "validator_28": 16.347298572681908,
    "validator_29": 26.013180976887103,
    "validator_30": 16.97630454622832,
    "validator_31": 18.82100538075703,
    "validator_32": 4.182462411942867,
    "validator_33": 21.227919862983565,
    "validator_34": 9.002110825846678,
    "validator_35": 11.57895163384565,
    "validator_36": 25.60566794556419,
    "validator_37": 20.89186352837084,
    "validator_38": 13.306029815094213,
    "validator_39": 18.827180970103015,
    "validator_40": 29.935656257849633,
    "validator_41": 24.785653953118228,
    "validator_42": 27.316221294554918,
    "validator_43": 4.165817559445553,
    "validator_44": 18.61793295736174,
    "validator_45": 12.957460452493905,
    "validator_46": 37.15030835466463,
    "validator_47": 17.543006617547753,
    "validator_48": 10.499396340229508,
    "validator_49": 19.932105020505187,
    "validator_50": 28.693766598738847,
    "validator_51": 0.15845634772682454,
    "validator_52": 17.02323579987244,
    "validator_53": 10.58185167378746,
    "validator_54": 13.576903683769597,
    "validator_55": 6.425714529834942,
    "validator_56": 38.6939766462058,
    "validator_57": 7.052913089481735,
    "validator_58": 7.58795256294183,
    "validator_59": 35.931482579238626,
    "validator_60": 13.206350750802908,
    "validator_61": 23.368473097106676,
    "validator_62": 24.924978337704243,
    "validator_63": 18.591101051261003,
    "validator_64": 14.206586329413899,
    "validator_65": 21.264116590577864,
    "validator_66": 24.242185452326712,
    "validator_67": 20.475863283418683,
    "validator_68": 20.40717599205393,
    "validator_69": 17.697910261578976,
    "validator_70": 14.589902655310986,
    "validator_71": 14.35473386692611,
    "validator_72": 8.066514223372078,
    "validator_73": 20.731462410802678,
    "validator_74": 9.272188034895969,
    "validator_75": 3.6721947957838488,
    "validator_76": 16.028793450854334,
    "validator_77": 13.286039758027146,
    "validator_78": 4.0832384503530115,
    "validator_79": 3.792536076639699,
    "validator_80": 6.782116582709136,
    "validator_81": 14.726229549508677,
    "validator_82": 18.935688705805134,
    "validator_83": 26.0470829977327,
    "validator_84": 16.233759038538675,
    "validator_85": 17.637664281915942,
    "validator_86": 10.128861549825702,
    "validator_87": 3.0273277948665784,
    "validator_88": 16.006401952878026,
    "validator_89": 13.340349551679745,
    "validator_90": 12.818034842708533,
    "validator_91": 3.2069670851441976,
    "validator_92": 16.31414142376895,
    "validator_93": 6.155382807323197,
    "validator_94": 2.8878339094514818,
    "validator_95": 10.838075153926729,
    "validator_96": 22.01474042750271,
    "validator_97": 24.27596586307526,
    "validator_98": 7.246985459491917,
    "validator_99": 13.593978288960312
  },
  "flashbots_profits": {
    "validator_0": 367.3705099584174,