{
  "p2s_profits": {
    "validator_0": 56.41308421054408,
    "validator_1": 140.64054471815632,
    "validator_2": 65.4152076989205,
    "validator_3": 39.42736176668083,
    "validator_4": 44.21139109863991,
    "validator_5": 48.014933329931424,
    "validator_6": 163.8458843853742,
    "validator_7": 63.02051833406987,
    "validator_8": 72.66572365618917,
    "validator_9": 132.97496063921534,
    "validator_10": 29.338160579236884,
    "validator_11": 10.895906478457846,
    "validator_12": 22.824895157546738,
    "validator_13": 10.738233637957226,
    "validator_14": 31.25785899667133,
    "validator_15": 33.23668472929127,
    "validator_16": 20.809482319949474,
    "validator_17": 26.978864973767585,
    "validator_18": 39.4095378318145,
    "validator_19": 14.90982416457014,
    "validator_20": 23.17780099634213,
    "validator_21": 25.067837733073517,
    "validator_22": 37.38123954167678,
    "validator_23": 33.265934696990506,
    "validator_24": 35.194073948823856,
    "validator_25": 28.84891424852385,
    "validator_26": 29.111341169865298,
    "validator_27": 21.31152206197847,
    "validator_28": 19.39562381459003,
    "validator_29": 33.035316553223154,
    "validator_30": 2.3960069740770598,
    "validator_31": 8.492336969785795,
    "validator_32": 10.598469595289721,
    "validator_33": 8.29344720709899,
    "validator_34": 8.342120106620913,
    "validator_35": 8.398130781489094,
    "validator_36": 6.291658385083429,
    "validator_37": 6.604335349094606,
    "validator_38": 26.681881916053342,
    "validator_39": 6.257974327357267,
    "validator_40": 12.361176787745451,
    "validator_41": 2.4877438414529536,
    "validator_42": 4.5115346638104,
    "validator_43": 4.227728176897903,
    "validator_44": 20.563295490617875,
    "validator_45": 6.17052096609774,
    "validator_46": 4.242058852148661,
    "validator_47": 12.47307467143524,
    "validator_48": 12.597319797796143,
    "validator_49": 6.49804783272426,
    "validator_50": 4.363548484350767,
    "validator_51": 14.47321408916682,
    "validator_52": 16.624623340825345,
    "validator_53": 8.435959565667385,
    "validator_54": 20.55982089447512,
    "validator_55": 6.511390301056048,
    "validator_56": 4.204027800597689,
    "validator_57": 6.153746333106179,
    "validator_58": 8.344650203463946,
    "validator_59": 4.255472305481206,
    "validator_60": 14.42847599191538,
    "validator_61": 8.18398945274557,
    "validator_62": 2.237089902104445,
    "validator_63": 6.475423238096356,
    "validator_64": 8.523707873592583,
    "validator_65": 28.573865875037423,
    "validator_66": 0.16243059022831796,
    "validator_67": 8.456149614049142,
    "validator_68": 16.573897937925963,
    "validator_69": 16.42514480142519,
    "validator_70": 14.421940905385991,
    "validator_71": 16.375516714973376,
    "validator_72": 20.5256407393287,
    "validator_73": 6.2982274487034235,
    "validator_74": 28.688214416175814,
    "validator_75": 4.509253572778892,
    "validator_76": 4.203982497810541,
    "validator_77": 0.27211150866256556,
    "validator_78": 8.439710125970345,
    "validator_79": 12.443075612584577,
    "validator_80": 6.485124255654525,
    "validator_81": 4.4704782155809415,
    "validator_82": 6.44405297235709,
    "validator_83": 12.70485521452636,
    "validator_84": 18.598081012230278,
    "validator_85": 8.439991354186184,
    "validator_86": 10.62850805480359,
    "validator_87": 16.705104539371412,
    "validator_88": 8.258700607599682,
    "validator_89": 14.663170429403694,
    "validator_90": 22.692028623704466,
    "validator_91": 18.60007832277598,
    "validator_92": 16.347612112433474,
    "validator_93": 6.370481884468574,
    "validator_94": 10.476200563732577,
    "validator_95": 22.56157956780503,
    "validator_96": 14.697713804429437,
    "validator_97": 6.2552665287378355,
    "validator_98": 2.245733163394708,
    "validator_99": 8.420845503140152
  },
  "current_ethereum_profits": {
    "validator_0": 101.54540140883607,
    "validator_1": 345.23267698457755,
    "validator_2": 142.68842120138197,
    "validator_3": 71.14779013394804,
    "validator_4": 90.91459006114148,
    "validator_5": 112.64601851226061,
    "validator_6": 249.2549767067126,
    "validator_7": 198.00831380008205,
    "validator_8": 129.9529627791314,
    "validator_9": 245.917319798159,
    "validator_10": 43.44311142425336,
    "validator_11": 35.19308135519668,
    "validator_12": 17.436271265898966,
    "validator_13": 16.782382487829008,
    "validator_14": 52.693286609234285,
    "validator_15": 51.35160529045395,
    "validator_16": 27.371129099011164,
    "validator_17": 48.34941164710146,
    "validator_18": 59.572095170563216,
    "validator_19": 45.226194014593815,
    "validator_20": 29.075593298817186,
    "validator_21": 35.568261051236775,
    "validator_22": 54.45226115188855,
    "validator_23": 51.3992473193893,
    "validator_24": 47.11555320715848,
    "validator_25": 27.702321785717874,
    "validator_26": 48.607742251956495,
    "validator_27": 42.42685554990428,
    "validator_28": 49.58480030398392,
    "validator_29": 26.6850447966193,
    "validator_30": 13.140214159352276,
    "validator_31": 18.436999373094924,
    "validator_32": 28.043827352240967,
    "validator_33": 3.775247367957544,
    "validator_34": 11.72281180884367,
    "validator_35": 14.395767343650766,
    "validator_36": 10.410938865767614,
    "validator_37": 31.47271155907432,
    "validator_38": 30.68969260343894,
    "validator_39": 10.393631767868216,
    "validator_40": 12.229141169486198,
    "validator_41": 31.42208779225694,
    "validator_42": 11.53625526250716,
    "validator_43": 7.245500520878744,
    "validator_44": 17.173314618908357,
    "validator_45": 7.767464529274871,
    "validator_46": 13.28833239246684,
    "validator_47": 16.451847567211132,
    "validator_48": 8.407615202986255,
    "validator_49": 19.563912692206014,
    "validator_50": 6.6299056089575785,
    "validator_51": 13.82475292293499,
    "validator_52": 31.510237114563242,
    "validator_53": 14.572181759658687,
    "validator_54": 18.06795785984002,
    "validator_55": 18.71469611116444,
    "validator_56": 13.125820251530502,
    "validator_57": 0.15765369847805108,
    "validator_58": 9.689757855067088,
    "validator_59": 12.36689817357688,
    "validator_60": 28.682329162124265,
    "validator_61": 14.161105920930344,
    "validator_62": 2.9065119615251316,
    "validator_63": 12.899850502847551,
    "validator_64": 12.569234359911027,
    "validator_65": 22.849704337924088,
    "validator_66": 3.2429700367172614,
    "validator_67": 12.892523887685362,
    "validator_68": 16.929714938900474,
    "validator_69": 17.712630891556618,
    "validator_70": 3.827954629863701,
    "validator_71": 15.22248787451191,
    "validator_72": 28.034847026018067,
    "validator_73": 17.976137777893005,
    "validator_74": 14.427817834110671,
    "validator_75": 7.6768509154977735,
    "validator_76": 6.434033773103768,
    "validator_77": 22.102926169846892,
    "validator_78": 22.500000715133435,
    "validator_79": 16.337863036644865,
    "validator_80": 12.71259578855118,
    "validator_81": 9.392281617319735,
    "validator_82": 20.51890397145902,
    "validator_83": 42.287659394273795,
    "validator_84": 12.683009048222553,
    "validator_85": 6.574251234475325,
    "validator_86": 21.740937855706285,
    "validator_87": 28.54367956657754,
    "validator_88": 0.2641803306146333,
    "validator_89": 16.67808440457205,
    "validator_90": 40.56395052423783,
    "validator_91": 32.331852383701,
    "validator_92": 9.881747759216935,
    "validator_93": 6.2251266676724475,
    "validator_94": 30.53083991994798,
    "validator_95": 28.233215802031665,
    "validator_96": 26.378678191843864,
    "validator_97": 10.562197222643704,
    "validator_98": 7.793007720838629,
    "validator_99": 19.56446278498509
  },
  "metadata": {
    "timestamp": "2025-11-19T17:25:08.128344",